{"Index": "GDAXI", "Date": "2007-02-09", "Open": 6890.649902, "High": 6928.97998, "Low": 6890.640137, "Close": 6911.109863, "Adj Close": 6911.109863, "Volume": 122616100.0, "CloseUSD": 8431.55403286}